{"videos_familia":[{"id":12,"nome_completo":null,"nome":"12222vcvdffddf","data_campanha":"22/10/2021","familia":null,"tempo":"00:11","ordem":"1","arquivo":"29f122eb-89c4-4ab2-9fa5-452ba751757f.mp4","nome_arquivo":"EPISOL_SEC_OC_vertical_v2_1.mp4","tamanho":9800025,"ativo":true,"downloads":4},{"id":13,"nome_completo":null,"nome":"333333","data_campanha":"22/10/2021","familia":null,"tempo":"00:11","ordem":"2","arquivo":"be6dd879-b019-4a96-9bcf-ec192add1b22.mp4","nome_arquivo":"IVY_C_AOX_1230.mp4","tamanho":11340211,"ativo":true,"downloads":4},{"id":14,"nome_completo":null,"nome":"44444","data_campanha":"22/10/2021","familia":null,"tempo":"00:22","ordem":"3","arquivo":"6913e727-61ca-40b0-a30c-7476742c0b80.mp4","nome_arquivo":"video_blancy_vertical_v2_1.mp4","tamanho":11669057,"ativo":true,"downloads":4},{"id":18,"nome_completo":null,"nome":"5555","data_campanha":"24/10/2021","familia":null,"tempo":"00:11","ordem":"4","arquivo":"94c859f5-94b8-4514-b641-40804f9b23d6.mp4","nome_arquivo":"ivy_c_10_1230.mp4","tamanho":10133336,"ativo":true,"downloads":4}],"videos_produtos":[{"id":15,"nome_completo":null,"nome":"7891142145727","data_campanha":"22/10/2021","familia":"333333","tempo":"01:11","ordem":"0","arquivo":"e911acb2-85db-417b-bfd7-151f36788803.mp4","nome_arquivo":"7891142145727.mp4","tamanho":4623544,"ativo":true,"downloads":5},{"id":16,"nome_completo":null,"nome":"7891142206855","data_campanha":"22/10/2021","familia":"12222vcvdffddf","tempo":"00:11","ordem":"0","arquivo":"b9a4da2c-2615-490f-a59d-783945c49091.mp4","nome_arquivo":"EPISOL_SEC_OC_vertical_v2_1.mp4","tamanho":9800025,"ativo":true,"downloads":5}]}